create database steel_data;

CREATE TABLE cars (
car_id INT PRIMARY KEY,
make VARCHAR(50),
type VARCHAR(50),
style VARCHAR(50),
cost_$ INT
);
--------------------
INSERT INTO cars (car_id, make, type, style, cost_$)
VALUES (1, 'Honda', 'Civic', 'Sedan', 30000),
(2, 'Toyota', 'Corolla', 'Hatchback', 25000),
(3, 'Ford', 'Explorer', 'SUV', 40000),
(4, 'Chevrolet', 'Camaro', 'Coupe', 36000),
(5, 'BMW', 'X5', 'SUV', 55000),
(6, 'Audi', 'A4', 'Sedan', 48000),
(7, 'Mercedes', 'C-Class', 'Coupe', 60000),
(8, 'Nissan', 'Altima', 'Sedan', 26000);
--------------------
CREATE TABLE salespersons (
salesman_id INT PRIMARY KEY,
name VARCHAR(50),
age INT,
city VARCHAR(50)
);
--------------------
INSERT INTO salespersons (salesman_id, name, age, city)
VALUES (1, 'John Smith', 28, 'New York'),
(2, 'Emily Wong', 35, 'San Fran'),
(3, 'Tom Lee', 42, 'Seattle'),
(4, 'Lucy Chen', 31, 'LA');
--------------------
CREATE TABLE sales (
sale_id INT PRIMARY KEY,
car_id INT,
salesman_id INT,
purchase_date DATE,
FOREIGN KEY (car_id) REFERENCES cars(car_id),
FOREIGN KEY (salesman_id) REFERENCES salespersons(salesman_id)
);
--------------------
INSERT INTO sales (sale_id, car_id, salesman_id, purchase_date)
VALUES (1, 1, 1, '2021-01-01'),
(2, 3, 3, '2021-02-03'),
(3, 2, 2, '2021-02-10'),
(4, 5, 4, '2021-03-01'),
(5, 8, 1, '2021-04-02'),
(6, 2, 1, '2021-05-05'),
(7, 4, 2, '2021-06-07'),
(8, 5, 3, '2021-07-09'),
(9, 2, 4, '2022-01-01'),
(10, 1, 3, '2022-02-03'),
(11, 8, 2, '2022-02-10'),
(12, 7, 2, '2022-03-01'),
(13, 5, 3, '2022-04-02'),
(14, 3, 1, '2022-05-05'),
(15, 5, 4, '2022-06-07'),
(16, 1, 2, '2022-07-09'),
(17, 2, 3, '2023-01-01'),
(18, 6, 3, '2023-02-03'),
(19, 7, 1, '2023-02-10'),
(20, 4, 4, '2023-03-01');

select * from cars
select * from salespersons
select * from sales


/*1. What are the details of all cars purchased in the year 2022?*/

select * from cars c
join sales s
on c.car_id= s.car_id
where YEAR(s.purchase_date)= 2022
order by c.car_id;


/*2. What is the total number of cars sold by each salesperson?*/

select sales.salesman_id, salespersons.name, count(sales.car_id) as 'Total_Car_Sold'
from sales
join salespersons
on sales.salesman_id=salespersons.salesman_id
group by sales.salesman_id, salespersons.name
order by sales.salesman_id


/*3. What is the total revenue generated by each salesperson?*/

select sales.salesman_id, salespersons.name, sum(cars.cost_$) as 'Total Revenue'from sales
join salespersons
on sales.salesman_id=salespersons.salesman_id
join cars on cars.car_id = sales.car_id
group by sales.salesman_id, salespersons.name
order by sales.salesman_id

/*4. What are the details of the cars sold by each salesperson?*/


SELECT cars.car_id, cars.make, cars.type, cars.style, cars.cost_$, salespersons.name, sales.sale_id 
FROM cars 
JOIN sales ON cars.car_id = sales.car_id
JOIN salespersons ON sales.salesman_id = salespersons.salesman_id
GROUP BY sales.salesman_id, salespersons.name, cars.car_id, cars.make, cars.type, cars.style, cars.cost_$, sales.sale_id
ORDER BY sales.salesman_id;

/*5. What is the total revenue generated by each car type?*/

select sales.car_id, cars.type, sum(cars.cost_$) as 'Total_Revenue'
from cars join sales
on cars.car_id = sales.car_id
group by sales.car_id, cars.type
order by sales.car_id

/*6. What are the details of the cars sold in the year 2021 by salesperson 'Emily Wong'?*/
select sales.car_id, salespersons.name, sales.salesman_id, YEAR(sales.purchase_date) as 'selling year', cars.car_id, cars.make, cars.type, cars.style, cars.cost_$
from sales join salespersons on sales.salesman_id= salespersons.salesman_id
join cars on cars.car_id= sales.car_id
where YEAR(sales.purchase_date)= 2021 and salespersons.name = 'Emily Wong'
order by sales.car_id

/*7. What is the total revenue generated by the sales of hatchback cars?*/

select sales.car_id, cars.style, sum(cars.cost_$) as 'Total_Revenue'
from cars join sales
on cars.car_id = sales.car_id
where cars.style = 'hatchback'
group by sales.car_id, cars.style;

/* 8. What is the total revenue generated by the sales of SUV cars in the year 2022?*/
select cars.style, sum(cars.cost_$) as 'Total_Revenue'
from cars join sales
on cars.car_id = sales.car_id
where cars.style = 'SUV' and YEAR(sales.purchase_date)= 2022
group by  cars.style

/*9. What is the name and city of the salesperson who sold the most number of cars in the year 2023?*/

SELECT sales.salesman_id, salespersons.name, salespersons.city, COUNT(sales.car_id) AS 'Total_Car_Sold'
FROM salespersons
JOIN sales ON sales.salesman_id = salespersons.salesman_id
WHERE YEAR(sales.purchase_date) = 2023
GROUP BY sales.salesman_id, salespersons.name, salespersons.city
ORDER BY Total_Car_Sold DESC

/*10. What is the name and age of the salesperson who generated the highest revenue in the year 2022?*/

SELECT sales.salesman_id, salespersons.name, salespersons.age, sum(cars.cost_$) as 'Total_Revenue'
FROM salespersons
JOIN sales ON sales.salesman_id = salespersons.salesman_id
join cars on sales.car_id=cars.car_id
WHERE YEAR(sales.purchase_date) = 2022
GROUP BY sales.salesman_id, salespersons.name, salespersons.age
ORDER BY sum(cars.cost_$) desc

